Workbook

Sheet Как заполнять
B2: База условий банков
B3: Из этой таблицы потом будет питаться подбор программ в калькуляторе. Чем аккуратнее заполнена база, тем точнее подбор.
B5: Листы | C5: «Банки» — список банков, статус партнёрки и сколько программ уже внесено. «Программы» — по одной строке на один кредитный продукт. «Справочники» — списки для выпадающих меню.
B6: Что вносить в «Программы» | C6: Одна программа = одна строка. Если у банка ипотека на вторичку и на новостройку с разными ставками, это две строки.
B7: Откуда брать данные | C7: Только с официального сайта банка или из договора/оферты. Ссылку на страницу обязательно сохраняйте в колонке «Ссылка на источник». Рекламные заголовки вроде «от 6%» без условий не вносите.
B8: Ставка «от» и «до» | C8: Вносите диапазон, который банк указывает для программы. В колонке «Условия ставки» запишите, от чего зависит ставка: взнос, страховка, зарплатный клиент, тип объекта. Проценты вводите как проценты (18,5%), Excel сохранит их сам.
B9: «Можно под сдачу в аренду?» | C9: Это ключевая колонка для нашего сервиса. Многие программы выдаются только на жильё для проживания. Если в условиях не сказано прямо, ставьте «Уточнить» и спросите банк.
B10: Дата проверки | C10: Укажите день, когда вы смотрели условия. Колонка «Актуальность» сама подсветит строки, которые не обновлялись больше 14 дней. Ставки меняются часто, особенно после заседаний ЦБ.
B11: Серые колонки | C11: Заполняются формулами, их не трогайте.
B12: Первые три строки | C12: Сбербанк, Альфа-Банк и Совкомбанк внесены из агрегаторов (Финуслуги, myfin.by) с датами обновления их страниц. Это не первоисточник: сверяйте с сайтом банка. Формат строк можно копировать для новых программ.
B13: Порядок работы | C13: 1) Возьмите первые 8 банков с приоритетом 1. 2) Для каждого найдите все программы на покупку жилья и коммерческой недвижимости. 3) Внесите их и сохраните ссылки. 4) Отметьте в «Банки», есть ли у банка партнёрская программа для приёма заявок.

Sheet Банки
A1: № | B1: Банк | C1: Сайт | D1: Приоритет | E1: Есть партнёрская программа? | F1: Контакт по партнёрке | G1: Программ в базе | H1: Заметки
A2: 1 | B2: Сбербанк | C2: sberbank.ru | D2: 1 (первыми) | E2: Не проверено | G2: =IF(B2="","",COUNTIF(Программы!$B$3:$B$202,B2)) -> 1
A3: 2 | B3: ВТБ | C3: vtb.ru | D3: 1 (первыми) | E3: Не проверено | G3: =IF(B3="","",COUNTIF(Программы!$B$3:$B$202,B3)) -> 0
A4: 3 | B4: Альфа-Банк | C4: alfabank.ru | D4: 1 (первыми) | E4: Не проверено | G4: =IF(B4="","",COUNTIF(Программы!$B$3:$B$202,B4)) -> 1
A5: 4 | B5: Т-Банк | C5: tbank.ru | D5: 1 (первыми) | E5: Не проверено | G5: =IF(B5="","",COUNTIF(Программы!$B$3:$B$202,B5)) -> 0
A6: 5 | B6: Газпромбанк | C6: gazprombank.ru | D6: 1 (первыми) | E6: Не проверено | G6: =IF(B6="","",COUNTIF(Программы!$B$3:$B$202,B6)) -> 0
A7: 6 | B7: Банк ДОМ.РФ | C7: domrfbank.ru | D7: 1 (первыми) | E7: Не проверено | G7: =IF(B7="","",COUNTIF(Программы!$B$3:$B$202,B7)) -> 0
A8: 7 | B8: Россельхозбанк | C8: rshb.ru | D8: 1 (первыми) | E8: Не проверено | G8: =IF(B8="","",COUNTIF(Программы!$B$3:$B$202,B8)) -> 0
A9: 8 | B9: Совкомбанк | C9: sovcombank.ru | D9: 1 (первыми) | E9: Не проверено | G9: =IF(B9="","",COUNTIF(Программы!$B$3:$B$202,B9)) -> 1
A10: 9 | B10: ПСБ | C10: psbank.ru | D10: 2 (потом) | E10: Не проверено | G10: =IF(B10="","",COUNTIF(Программы!$B$3:$B$202,B10)) -> 0
A11: 10 | B11: Банк «Открытие» | C11: open.ru | D11: 2 (потом) | E11: Не проверено | G11: =IF(B11="","",COUNTIF(Программы!$B$3:$B$202,B11)) -> 0
A12: 11 | B12: Росбанк | C12: rosbank.ru | D12: 2 (потом) | E12: Не проверено | G12: =IF(B12="","",COUNTIF(Программы!$B$3:$B$202,B12)) -> 0
A13: 12 | B13: Райффайзен Банк | C13: raiffeisen.ru | D13: 2 (потом) | E13: Не проверено | G13: =IF(B13="","",COUNTIF(Программы!$B$3:$B$202,B13)) -> 0
... A16: 15 | B16: МТС Банк | C16: mtsbank.ru | D16: 2 (потом) | E16: Не проверено | G16: =IF(B16="","",COUNTIF(Программы!$B$3:$B$202,B16)) -> 0
G17: =IF(B17="","",COUNTIF(Программы!$B$3:$B$202,B17))
G18: =IF(B18="","",COUNTIF(Программы!$B$3:$B$202,B18))
G19: =IF(B19="","",COUNTIF(Программы!$B$3:$B$202,B19))
G20: =IF(B20="","",COUNTIF(Программы!$B$3:$B$202,B20))
G21: =IF(B21="","",COUNTIF(Программы!$B$3:$B$202,B21))
G22: =IF(B22="","",COUNTIF(Программы!$B$3:$B$202,B22))
G23: =IF(B23="","",COUNTIF(Программы!$B$3:$B$202,B23))
G24: =IF(B24="","",COUNTIF(Программы!$B$3:$B$202,B24))
G25: =IF(B25="","",COUNTIF(Программы!$B$3:$B$202,B25))
G26: =IF(B26="","",COUNTIF(Программы!$B$3:$B$202,B26))
G27: =IF(B27="","",COUNTIF(Программы!$B$3:$B$202,B27))
G28: =IF(B28="","",COUNTIF(Программы!$B$3:$B$202,B28))
... G40: =IF(B40="","",COUNTIF(Программы!$B$3:$B$202,B40))
B42: Список банков составлен как отправная точка: крупнейшие игроки рынка. Решение, кого оставить, принимайте по тому, какие программы реально подойдут под аренду и коммерцию.

Sheet Программы
A1: Одна строка = одна программа. Данные внесены из агрегаторов (дата в колонке «Дата проверки» — дата обновления на их странице). Перед публикацией сверяйте с сайтом банка. Серые колонки считаются сами.
A2: ID | B2: Банк | C2: Название программы | D2: Тип объекта | E2: Тип заёмщика | F2: Рынок | G2: Ставка от | H2: Ставка до | I2: Условия ставки | J2: Взнос от | K2: Срок до, лет | L2: Сумма от, ₽ | M2: Сумма до, ₽ | N2: Можно под сдачу в аренду? | O2: Страховка обязательна? | P2: Комиссии и платежи | Q2: Ссылка на источник | R2: Дата проверки | S2: Актуальность | T2: Примечания
A3: =IF(B3="","",ROW()-2) -> 1 | B3: Сбербанк | C3: Коммерческая ипотека | D3: Коммерческое помещение | E3: Физлицо | F3: Рыночная | G3: 0.212 | H3: 0.22 | I3: 21,2% первичный рынок, 22% вторичный. Скидка 1 п.п. зарплатным клиентам и 1 п.п. при взносе от 50%. ПСК 20,142–23,038%. | J3: 0.301 | K3: 25 | L3: 500000 | M3: 100000000 | N3: Уточнить | O3: Да | P3: Комиссии на странице не указаны. Страхование имущества обязательно, личное по желанию. | Q3: https://finuslugi.ru/ipoteka/sberbank_kommercheskaya_ipoteka | R3: 46317 | S3: =IF(R3="","",IF(TODAY()-R3>14,"Обновить","Актуально")) -> Актуально | T3: Источник — Финуслуги, не сайт банка. В описании программы встречается слово «жильё», тип объекта уточнить. Заявка только на сайте банка.
A4: =IF(B4="","",ROW()-2) -> 2 | B4: Альфа-Банк | C4: Ипотека на коммерческую недвижимость | D4: Коммерческое помещение | E4: Физлицо | F4: Рыночная | G4: 0.1959 | I4: Ставка от 19,59%. Скидка 0,4% зарплатным клиентам и клиентам A-Club. ПСК 18,887–28,255%. | K4: 30 | L4: 750000 | M4: 100000000 | N4: Уточнить | O4: Уточнить | P4: Без штрафа за досрочное погашение. Лимит 100 млн в Москве, МО, СПб и ЛО; Сочи до 70 млн; другие регионы до 35 млн. | Q4: https://ru.myfin.by/bank/alfabank/ipoteka/kommerceskaa-nedvizimost-13 | R4: 46314 | S4: =IF(R4="","",IF(TODAY()-R4>14,"Обновить","Актуально")) -> Актуально | T4: Источник — myfin.by. Взнос на странице не указан. Срок от 3 до 30 лет.
A5: =IF(B5="","",ROW()-2) -> 3 | B5: Совкомбанк | C5: Коммерческая недвижимость на вторичном рынке | D5: Коммерческое помещение | E5: Физлицо | F5: Рыночная | G5: 0.1999 | I5: Ставка от 19,99%. Скидка 0,5% зарплатным клиентам. ПСК 19,480–23,836%. | J5: 0.15 | K5: 30 | L5: 300000 | M5: 50000000 | N5: Уточнить | O5: Уточнить | P5: Без штрафа за досрочное погашение. Решение за 24 часа. | Q5: https://ru.myfin.by/bank/sovcombank/ipoteka/kommerceskaa-nedvizimost-na-vtoricnom-rynke | R5: 46297 | S5: =IF(R5="","",IF(TODAY()-R5>14,"Обновить","Актуально")) -> Обновить | T5: Источник — myfin.by (данные от 02.10), взнос 15% по карточке Финуслуг от 23.10. Только в городах с населением более 300 тыс. Срок от 5 лет.
A6: =IF(B6="","",ROW()-2) | S6: =IF(R6="","",IF(TODAY()-R6>14,"Обновить","Актуально"))
A7: =IF(B7="","",ROW()-2) | S7: =IF(R7="","",IF(TODAY()-R7>14,"Обновить","Актуально"))
A8: =IF(B8="","",ROW()-2) | S8: =IF(R8="","",IF(TODAY()-R8>14,"Обновить","Актуально"))
A9: =IF(B9="","",ROW()-2) | S9: =IF(R9="","",IF(TODAY()-R9>14,"Обновить","Актуально"))
A10: =IF(B10="","",ROW()-2) | S10: =IF(R10="","",IF(TODAY()-R10>14,"Обновить","Актуально"))
A11: =IF(B11="","",ROW()-2) | S11: =IF(R11="","",IF(TODAY()-R11>14,"Обновить","Актуально"))
A12: =IF(B12="","",ROW()-2) | S12: =IF(R12="","",IF(TODAY()-R12>14,"Обновить","Актуально"))
A13: =IF(B13="","",ROW()-2) | S13: =IF(R13="","",IF(TODAY()-R13>14,"Обновить","Актуально"))
A14: =IF(B14="","",ROW()-2) | S14: =IF(R14="","",IF(TODAY()-R14>14,"Обновить","Актуально"))
A15: =IF(B15="","",ROW()-2) | S15: =IF(R15="","",IF(TODAY()-R15>14,"Обновить","Актуально"))
A16: =IF(B16="","",ROW()-2) | S16: =IF(R16="","",IF(TODAY()-R16>14,"Обновить","Актуально"))
A17: =IF(B17="","",ROW()-2) | S17: =IF(R17="","",IF(TODAY()-R17>14,"Обновить","Актуально"))
... A202: =IF(B202="","",ROW()-2) | S202: =IF(R202="","",IF(TODAY()-R202>14,"Обновить","Актуально"))

Sheet Справочники
A1: Тип объекта | B1: Тип заёмщика | C1: Рынок | D1: Да / Нет / Уточнить | E1: Партнёрка | F1: Приоритет
A2: Квартира (вторичка) | B2: Физлицо | C2: Рыночная | D2: Да | E2: Да | F2: 1 (первыми)
A3: Квартира (новостройка) | B3: ИП | C3: Льготная (господдержка) | D3: Нет | E3: Нет | F3: 2 (потом)
A4: Дом / участок | B4: Юрлицо | C4: Программа застройщика | D4: Уточнить | E4: Не проверено
A5: Коммерческое помещение | E5: В переговорах
A6: Склад / ангар
A7: Производственное помещение
A8: Гараж / машино-место

Sheet Источники данных
A1: Источник | B1: Что даёт | C1: Как получать | D1: Что выяснено | E1: Вывод
A2: Банк России | B2: Ключевая ставка, средние рыночные ставки | C2: Открытые данные, можно автоматизировать | D2: Ключевая ставка 14% с 27.07.2026, на заседании 11.09 сохранена. Исход заседания 23.10 не найден. | E2: Автоматизировать первым: ориентир рынка без договоров
A3: Сайты банков (ВТБ, ДОМ.РФ) | B3: Первоисточник условий | C3: Прямое чтение страниц | D3: У ВТБ и ДОМ.РФ чтение страниц запрещено в robots.txt, автоматический доступ не удался. | E3: Не строить сбор на парсинге: юридический и технический риск
A4: ДОМ.РФ Банк, Сравни, АФТ | B4: Открытые API для ипотеки | C4: Договор о подключении | D4: Есть публикации об открытом API ипотечных данных и о стандарте открытых API с Сравни. Страницы с деталями прочитать не удалось. | E4: Вероятный путь к автоматическим данным, нужны юрлицо и трафик. Условия узнавать у них напрямую
A5: Финуслуги (маркетплейс) | B5: Карточки с условиями, обновление ежедневное (данные от 22–23.10.2026) | C5: Публичные страницы, ToS не изучен | D5: Показывает ставки, ПСК, сумму, срок, взнос. Раздел «коммерческая» смешан с жилыми программами. | E5: Хороший ориентир, но не основа продукта: ограничения использования проверять
A6: myfin.by, Сравни (бизнес-каталог) | B6: Карточки банков и каталог кредитов | C6: Публичные страницы, ToS не изучен | D6: Даты обновления разные: Альфа 19.10, Совкомбанк 02.10, каталог Сравни 26.10. Данные могут отставать. | E6: Всегда хранить дату обновления источника
A7: Партнёрские сети (CPA) | B7: Офферы банков со ссылками и выплатами, например оффер Альфа-Банка по коммерческой ипотеке | C7: Регистрация вебмастера, подключение к офферам | D7: Оффер на коммерческую ипотеку Альфа-Банка есть в каталоге Пампаду. Полнота данных о ставках в офферах не проверена. | E7: Нужны и для заработка, и для получения условий; брать со старта
A9: Статусы отражают то, что удалось проверить 26.10.2026. Юридические вопросы использования чужих данных обсудите с юристом.
